{
    "ignitions": [
        "POLYGON:[52.547904314556959 52.550783867287052 52.545421741715629 52.547904314556959];[-6.914594920747808 -6.904577502074853 -6.901293991138236 -6.914594920747808]"
    ],
    "realizations": 10,
    "time_limit": 144000,
    "do_spotting": true,
    "time_resolution": 1800,
    "boundary_conditions": [
        {
            "time": 0,
            "w_dir": 0,
            "w_speed": 30,
            "moisture": 0,
            "heavy_action": [
                "LINE:[52.556601726325894 52.546600601885977];[-6.89301682922232 -6.851764124705658]"
            ]
        },
        {
            "time": 6000,
            "waterline_action": [
                "LINE:[52.554699791027026 52.543359795262248];[-6.934363502444168 -6.947919359450347]"
            ]
        },
        {
            "time": 12000,
            "helicopter": [
                "LINE:[52.545054277388019 52.536972901095872];[-6.891349725405334 -6.900995239044345]"
            ]
        },
        {
            "time": 18000,
            "canadair": [
                "LINE:[52.553657032795783 52.543359795262248];[-6.917027646849729 -6.922632472342668]"
            ]
        }
    ]
}
