{
    "init_date": "202209011500",
    "ignitions": [
        "POLYGON:[52.547904314556959 52.550783867287052 52.545421741715629 52.547904314556959];[-6.914594920747808 -6.904577502074853 -6.901293991138236 -6.914594920747808]"
    ],
    "realizations": 100,
    "time_limit": 2400,
    "do_spotting": true,
    "time_resolution": 60,
    "boundary_conditions": [
        {
            "time": 0,
            "w_dir": 10,
            "w_speed": 30,
            "moisture": 0
        }
    ]
}
