{
    "init_date": "202209011500",
    "ignitions": [
        "POINT: 52.51751;-6.82354"
    ],
    "realizations": 100,
    "time_limit": 2400,
    "do_spotting": true,
    "time_resolution": 60,
    "boundary_conditions": [
        {
            "time": 0,
            "w_dir": 10,
            "w_speed": 30,
            "moisture": 0,
            "heavy_action": ["LINE:[52.556601726325894 52.546600601885977];[-6.89301682922232 -6.851764124705658]"]
        }
    ]
}
