

{
    "init_date": "202209011500",
    "ignitions": [
        "POINT: 38.57378462391781;16.294903540640014"
    ],
    "realizations": 100,
    "time_limit": 2400,
    "do_spotting": false,
    "time_resolution": 10,
    "boundary_conditions": [
        {
            "time": 0,
            "w_dir": 10,
            "w_speed": 30,
            "moisture": 0
        }
    ]
}
